{
  "model_type": "xgboost",
  "optimization_timestamp": "2025-10-04T09:13:16.301032",
  "n_trials": 200,
  "best_score": 0.8613926911166089,
  "best_params": {
    "max_depth": 8,
    "learning_rate": 0.06057610120076962,
    "min_child_weight": 6,
    "subsample": 0.9274884839441507,
    "colsample_bytree": 0.9225204370066138,
    "reg_lambda": 0.10842839237042663,
    "reg_alpha": 8.404509395484988,
    "max_delta_step": 0,
    "gamma": 0.1652835907230118
  },
  "feature_count": 53,
  "study_stats": {
    "n_complete_trials": 200,
    "n_failed_trials": 0,
    "n_pruned_trials": 0
  }
}